Question,Answer,,,
Tell me a little about yourself.,"I hold a Master of Science in Business Analytics from Northeastern University and a Bachelor of Technology in Automobile Engineering from Manipal Institute of Technology. I've worked as a Business Analyst at Redseer Strategy Management Consulting, where I led projects to boost operational efficiency and developed a transformative PowerBI dashboard. My technical skills include proficiency in statistical techniques, database programming, and tools like Tableau and Python.",,,
What are your biggest weaknesses?,"I acknowledge my areas for improvement, such as the tendency to dwell on the past or future and occasional impulsiveness. I'm actively working on enhancing my self-esteem and managing stress more effectively.",,,
What are your biggest strengths?,"My strengths include being independent, analytical, dedicated, and possessing a high emotional quotient. I'm organized and driven, with a strong passion for what I do and an intuitive understanding of tasks at hand.",,,
Where do you see yourself in five years?,"I aim to excel in my field, whether in the corporate world, travel, literature, or the food industry. I'm focused on achieving a balance between my professional and personal life, living up to my potential, and embracing opportunities without regrets.",,,
Why should we hire you?,"My unique blend of analytical skills, dedication to continuous learning, and experience in both technical and business analytics positions me as a strong candidate. My proactive approach to problem-solving and ability to adapt to new challenges would make a valuable addition to your team.",,,
How did you learn about the opening?,I stay updated with industry trends and opportunities through professional networks and online platforms. My genuine interest in your company's work led me to this job opening.,,,
Why do you want this job?,"This position aligns perfectly with my skills and aspirations. It offers the opportunity to apply my analytics and problem-solving skills to real-world business challenges, which is exactly what I'm looking for in my career progression.",,,
What do you consider to be your biggest professional achievement?,"At Redseer Strategy Management Consulting, my team and I developed a PowerBI dashboard that significantly enhanced our data visualization capabilities, leading to a substantial revenue increase and solidifying our reputation for data-driven consultation services.",,,
Tell me about the last time a co-worker or customer got angry with you. What happened?,"In such situations, I focus on understanding the root cause of the issue and work collaboratively to find a resolution. I prioritize clear communication and empathy to address concerns and maintain positive relationships.",,,
Describe your dream job.,My dream job would allow me to leverage my skills in business analytics to drive meaningful insights and strategies for business growth. It would involve a mix of analytical challenges and creative problem-solving in a dynamic and supportive environment.,,,
What kind of work environment do you like best?,"I thrive in environments that foster collaboration, innovation, and continuous learning. A supportive team and a culture that values individual contributions while working towards common goals are ideal for me.",,,
Tell me about the toughest decision you had to make in the last six months.,Deciding to pursue new opportunities that align more closely with my long-term career goals was challenging. It involved weighing the potential risks and benefits and considering the impact on my professional growth.,,,
What is your leadership style?,"I believe in leading by example, fostering open communication, and empowering team members to take ownership of their work. I value collaboration and encourage innovation and creativity in problem-solving.",,,
Tell me about a time you disagreed with a decision. What did you do?,"When I disagree with a decision, I express my concerns respectfully and provide constructive feedback. I use data and evidence to support my viewpoint and work towards a consensus that aligns with the team's objectives.",,,
What can we expect from you in your first three months?,"You can expect me to quickly acclimate to the team and company culture, identify key areas where I can contribute, and begin delivering impactful work. I'll focus on building relationships and understanding the broader business goals to align my efforts effectively.",,,
What do you like to do outside of work?,"Outside of work, I enjoy exploring new cultures through travel, indulging in literature and cooking, and engaging in outdoor activities. These interests help me maintain a well-rounded perspective and foster creativity in my professional endeavors.",,,
What questions do you have for me?,"I'm interested in learning more about the team's current projects, the company's strategic priorities for the coming year, and how this role contributes to those objectives. I'd also like to know more about the company culture and opportunities for professional development.",,,